epoch,time,train/box_loss,train/seg_loss,train/cls_loss,train/dfl_loss,metrics/precision(B),metrics/recall(B),metrics/mAP50(B),metrics/mAP50-95(B),metrics/precision(M),metrics/recall(M),metrics/mAP50(M),metrics/mAP50-95(M),val/box_loss,val/seg_loss,val/cls_loss,val/dfl_loss,lr/pg0,lr/pg1,lr/pg2
1,232.554,2.39301,3.8458,2.69881,1.51602,0.24205,0.16619,0.16485,0.087,0.24692,0.16805,0.16111,0.07019,2.23833,3.57089,1.85662,1.20658,0.000551962,0.000551962,0.000551962
2,615.416,2.12132,3.4089,1.87918,1.32239,0.27137,0.21433,0.20102,0.1063,0.27632,0.20177,0.19694,0.08824,2.12548,3.4393,1.62138,1.1854,0.00109666,0.00109666,0.00109666
3,1070.62,2.0538,3.36254,1.73107,1.30165,0.31612,0.22352,0.21301,0.10575,0.30648,0.21452,0.20122,0.08334,2.12981,3.39984,1.59182,1.25082,0.00163036,0.00163036,0.00163036
4,1280.68,1.97586,3.30666,1.63344,1.28318,0.33483,0.29223,0.25341,0.12304,0.32341,0.26555,0.22661,0.08844,2.03981,3.33664,1.48164,1.16872,0.00161749,0.00161749,0.00161749
5,1583.33,1.98345,3.22741,1.62526,1.26023,0.37018,0.24115,0.26991,0.14771,0.36769,0.23641,0.26266,0.12224,1.9677,3.18991,1.41917,1.13894,0.00160099,0.00160099,0.00160099
6,1744.67,1.93717,3.17473,1.55499,1.25647,0.36471,0.28125,0.2871,0.15083,0.32852,0.25627,0.2466,0.10675,1.93077,3.3591,1.38311,1.14932,0.00158448,0.00158448,0.00158448
7,2068.65,1.9206,3.11199,1.54694,1.23858,0.43819,0.22282,0.26202,0.13858,0.4372,0.20498,0.24436,0.1125,1.96194,3.17282,1.47354,1.14796,0.00156798,0.00156798,0.00156798
8,2210.11,1.8831,3.13836,1.48757,1.24255,0.37713,0.28229,0.28939,0.14087,0.35802,0.26105,0.25402,0.10504,1.96066,3.23959,1.37403,1.14742,0.00155148,0.00155148,0.00155148
9,2784.82,1.858,3.06761,1.46382,1.23081,0.38805,0.26495,0.28956,0.16266,0.39072,0.25124,0.28453,0.12872,1.88781,3.09934,1.33348,1.10989,0.00153497,0.00153497,0.00153497
10,2999.18,1.85631,3.07107,1.43531,1.21701,0.40725,0.26934,0.29014,0.1531,0.40857,0.26045,0.28191,0.11936,1.91965,3.0965,1.32917,1.12915,0.00151847,0.00151847,0.00151847
11,3303.05,1.85307,3.04717,1.42855,1.21721,0.39384,0.26752,0.2961,0.15993,0.39254,0.25368,0.28477,0.12449,1.90138,3.09835,1.33114,1.11807,0.00150197,0.00150197,0.00150197
12,3496.41,1.85173,3.02746,1.4291,1.21721,0.41477,0.2969,0.31054,0.16153,0.41041,0.29104,0.29664,0.12664,1.90577,3.0667,1.29894,1.13397,0.00148546,0.00148546,0.00148546
13,3733,1.81802,3.00833,1.40493,1.21568,0.40649,0.28227,0.30964,0.16828,0.4022,0.27331,0.30258,0.1318,1.85464,3.00663,1.29886,1.10779,0.00146896,0.00146896,0.00146896
14,3919.33,1.82155,2.97521,1.38524,1.19453,0.40034,0.27505,0.30773,0.16728,0.37964,0.26229,0.29076,0.13404,1.88278,3.10533,1.28579,1.0964,0.00145246,0.00145246,0.00145246
15,4143.14,1.84041,2.9964,1.39845,1.205,0.41459,0.29559,0.32403,0.17482,0.40338,0.27306,0.3034,0.13691,1.86812,3.00845,1.27392,1.11351,0.00143595,0.00143595,0.00143595
16,4228.17,1.83069,2.96886,1.36557,1.19418,0.41171,0.25518,0.29036,0.15424,0.40826,0.24051,0.27047,0.11925,1.89945,3.04863,1.35048,1.12887,0.00141945,0.00141945,0.00141945
17,4580.94,1.79797,2.96421,1.33834,1.19463,0.3887,0.29147,0.29861,0.16427,0.37624,0.27452,0.28416,0.13108,1.85354,2.97462,1.28094,1.11298,0.00140295,0.00140295,0.00140295
18,4843.25,1.83739,2.9657,1.37568,1.20229,0.40984,0.28773,0.31388,0.16204,0.38876,0.26791,0.28866,0.12109,1.91682,3.07657,1.36316,1.11394,0.00138644,0.00138644,0.00138644
19,4979.44,1.81818,2.98873,1.34836,1.19676,0.40602,0.29021,0.31357,0.16688,0.39067,0.27243,0.29472,0.12581,1.87916,3.07674,1.26884,1.12538,0.00136994,0.00136994,0.00136994
20,5131.91,1.77998,2.91975,1.33061,1.18449,0.44233,0.29983,0.33508,0.1822,0.42054,0.28041,0.31531,0.13953,1.85714,2.99546,1.26337,1.1106,0.00135344,0.00135344,0.00135344
21,5382.47,1.78089,2.93898,1.30511,1.17462,0.41272,0.33721,0.33503,0.17928,0.37481,0.30689,0.27925,0.12548,1.83297,3.1678,1.25857,1.09898,0.00133693,0.00133693,0.00133693
22,5562.11,1.77167,2.93667,1.29429,1.18124,0.44085,0.288,0.3375,0.18546,0.43086,0.26564,0.31761,0.14451,1.88939,2.94969,1.26422,1.11427,0.00132043,0.00132043,0.00132043
23,5762.07,1.78734,2.89866,1.30694,1.17976,0.46207,0.286,0.32829,0.17852,0.43599,0.27186,0.31035,0.14553,1.87258,2.93868,1.26788,1.10897,0.00130393,0.00130393,0.00130393
24,5906.64,1.78086,2.92722,1.27422,1.18292,0.44157,0.30291,0.32646,0.17693,0.42245,0.2934,0.31176,0.14011,1.85801,3.01893,1.24307,1.0986,0.00128742,0.00128742,0.00128742
25,6114.48,1.80058,2.88742,1.32241,1.17852,0.42583,0.31877,0.32923,0.17525,0.39676,0.29239,0.30749,0.13643,1.87225,2.94755,1.25633,1.09897,0.00127092,0.00127092,0.00127092
26,6307.46,1.7665,2.88307,1.30813,1.18182,0.42652,0.30284,0.33276,0.17704,0.40083,0.28328,0.30022,0.13511,1.83148,2.96832,1.26023,1.09252,0.00125442,0.00125442,0.00125442
27,6429.36,1.78064,2.89633,1.28776,1.17215,0.44759,0.30772,0.33732,0.1824,0.41919,0.2855,0.31295,0.14156,1.86245,3.01072,1.22809,1.10837,0.00123791,0.00123791,0.00123791
28,6622.92,1.75741,2.84852,1.2736,1.17558,0.43997,0.32329,0.3449,0.18784,0.41943,0.30705,0.3247,0.14928,1.8239,2.90504,1.21955,1.09649,0.00122141,0.00122141,0.00122141
29,7017.9,1.75854,2.86561,1.26037,1.17062,0.42235,0.30296,0.32926,0.17096,0.38575,0.27158,0.29431,0.1311,1.89326,2.92554,1.25507,1.10445,0.00120491,0.00120491,0.00120491
30,7181.11,1.76914,2.87805,1.26386,1.17044,0.46596,0.30444,0.34011,0.17949,0.44955,0.27797,0.31222,0.14264,1.87792,2.96518,1.2371,1.10123,0.0011884,0.0011884,0.0011884
31,7314.02,1.74444,2.85599,1.24374,1.16929,0.45372,0.29083,0.33329,0.17677,0.42392,0.26667,0.30071,0.13557,1.84977,2.93435,1.22961,1.09147,0.0011719,0.0011719,0.0011719
32,7514.11,1.71334,2.79101,1.21444,1.15418,0.46391,0.3031,0.33884,0.18347,0.43762,0.28398,0.31512,0.14678,1.83387,2.88802,1.2254,1.09909,0.0011554,0.0011554,0.0011554
33,7730.25,1.71929,2.82711,1.22195,1.15799,0.46201,0.32781,0.35519,0.18835,0.44844,0.3111,0.33604,0.15401,1.85978,2.92508,1.2015,1.11168,0.00113889,0.00113889,0.00113889
34,7914.12,1.7696,2.86651,1.2774,1.16351,0.43613,0.30411,0.33037,0.181,0.4124,0.28508,0.30968,0.14293,1.84797,2.86553,1.22237,1.0902,0.00112239,0.00112239,0.00112239
35,8110.63,1.75194,2.82628,1.23376,1.16308,0.43432,0.31561,0.3367,0.18358,0.42572,0.29917,0.32031,0.14999,1.8506,2.86745,1.20871,1.10082,0.00110589,0.00110589,0.00110589
36,8516.9,1.7454,2.81298,1.23573,1.16308,0.44363,0.29974,0.331,0.17771,0.42264,0.28261,0.30802,0.1428,1.83606,2.86564,1.21073,1.09416,0.00108938,0.00108938,0.00108938
37,8780.76,1.70675,2.80122,1.20296,1.15198,0.45073,0.32333,0.34846,0.19166,0.42903,0.30433,0.32717,0.15091,1.80681,2.87522,1.17907,1.08365,0.00107288,0.00107288,0.00107288
38,8985.24,1.73828,2.80211,1.1962,1.15044,0.46804,0.31496,0.35178,0.1881,0.43995,0.28947,0.32126,0.14177,1.82595,2.93569,1.24778,1.08071,0.00105638,0.00105638,0.00105638
39,9179.94,1.737,2.83252,1.22098,1.14763,0.44538,0.31885,0.33611,0.18358,0.42366,0.29898,0.31412,0.14697,1.84622,2.90367,1.20625,1.10063,0.00103987,0.00103987,0.00103987
40,9469.42,1.7473,2.80136,1.23422,1.15356,0.44589,0.3223,0.34696,0.19274,0.42305,0.30492,0.32706,0.15646,1.80916,2.83273,1.19939,1.08251,0.00102337,0.00102337,0.00102337
41,9681.6,1.73115,2.8054,1.23007,1.15776,0.4366,0.33982,0.34991,0.18929,0.41486,0.31417,0.32389,0.15165,1.83371,2.85183,1.18613,1.09504,0.00100687,0.00100687,0.00100687
42,10287.4,1.72822,2.8163,1.21889,1.16067,0.47712,0.30347,0.33741,0.1837,0.45174,0.27936,0.31334,0.14359,1.82789,2.89758,1.20545,1.08091,0.000990365,0.000990365,0.000990365
43,10497.4,1.74872,2.78315,1.21406,1.14653,0.45451,0.31011,0.33411,0.18586,0.44906,0.29592,0.32271,0.15252,1.81997,2.83623,1.20329,1.09165,0.000973861,0.000973861,0.000973861
44,10604.3,1.72822,2.79445,1.19235,1.14228,0.47491,0.32582,0.35214,0.18795,0.45194,0.29957,0.32482,0.15108,1.84595,2.88652,1.1986,1.10716,0.000957358,0.000957358,0.000957358
45,11143.4,1.73645,2.77446,1.19489,1.13874,0.47788,0.32987,0.35934,0.19134,0.44411,0.30997,0.33649,0.15483,1.83468,2.86416,1.2154,1.09825,0.000940855,0.000940855,0.000940855
46,11459.6,1.68957,2.76027,1.16391,1.14834,0.47473,0.33338,0.35967,0.19319,0.43875,0.30365,0.32701,0.15488,1.85111,2.85308,1.19369,1.10688,0.000924352,0.000924352,0.000924352
47,11618.3,1.71278,2.76955,1.19072,1.13339,0.43828,0.33624,0.34791,0.192,0.41325,0.30107,0.32387,0.15299,1.80865,2.86328,1.1692,1.07984,0.000907848,0.000907848,0.000907848
48,11926.7,1.71359,2.79329,1.19994,1.14745,0.48425,0.3147,0.35674,0.19516,0.46011,0.29345,0.33381,0.15967,1.81911,2.85253,1.18859,1.09099,0.000891345,0.000891345,0.000891345
49,12101.5,1.70746,2.7567,1.18862,1.1425,0.46259,0.33783,0.35622,0.191,0.4294,0.31201,0.33272,0.15792,1.841,2.82789,1.17749,1.10205,0.000874842,0.000874842,0.000874842
50,12339.9,1.71817,2.76863,1.16856,1.133,0.474,0.31503,0.35321,0.19589,0.4409,0.29496,0.32823,0.15746,1.78497,2.81759,1.17798,1.08172,0.000858338,0.000858338,0.000858338
51,12590.6,1.70565,2.7484,1.18388,1.13548,0.46338,0.32593,0.35474,0.19346,0.44886,0.29122,0.32852,0.15481,1.84578,2.86074,1.16549,1.08152,0.000841835,0.000841835,0.000841835
52,12901.4,1.72755,2.76076,1.18448,1.13742,0.44394,0.33492,0.35345,0.19151,0.40827,0.30751,0.32003,0.15043,1.83141,2.90271,1.16661,1.09728,0.000825332,0.000825332,0.000825332
53,13414.7,1.71886,2.74148,1.18212,1.13464,0.45157,0.33349,0.35055,0.18786,0.43459,0.29093,0.32057,0.15178,1.85713,2.84398,1.18881,1.10501,0.000808828,0.000808828,0.000808828
54,13771.1,1.68968,2.74587,1.17573,1.1358,0.45153,0.34559,0.35765,0.19186,0.41876,0.31729,0.3283,0.15367,1.83797,2.84185,1.17093,1.09471,0.000792325,0.000792325,0.000792325
55,14322.2,1.69251,2.73394,1.17063,1.14286,0.46289,0.33292,0.36527,0.20046,0.4404,0.31153,0.3418,0.16056,1.81905,2.83927,1.16272,1.0938,0.000775822,0.000775822,0.000775822
56,14511.1,1.69116,2.72328,1.16292,1.12733,0.45174,0.3128,0.35217,0.18966,0.44217,0.28899,0.3299,0.15604,1.82829,2.8115,1.20406,1.09677,0.000759318,0.000759318,0.000759318
57,14702.2,1.70587,2.74068,1.17375,1.13457,0.45273,0.33402,0.3648,0.20088,0.44032,0.31164,0.34351,0.16014,1.79158,2.80048,1.18194,1.08848,0.000742815,0.000742815,0.000742815
58,14842.9,1.67449,2.68521,1.15627,1.13016,0.47233,0.31972,0.35058,0.19136,0.44451,0.28764,0.32038,0.14588,1.82512,2.90466,1.16829,1.0727,0.000726312,0.000726312,0.000726312
59,15086.5,1.70995,2.74867,1.18011,1.14019,0.44906,0.33339,0.36075,0.19867,0.43701,0.3141,0.33969,0.1598,1.80712,2.77331,1.164,1.08944,0.000709809,0.000709809,0.000709809
60,15527.8,1.70129,2.73405,1.18106,1.12844,0.45606,0.31084,0.34264,0.18571,0.42581,0.28142,0.31575,0.14651,1.85507,2.84486,1.20637,1.08241,0.000693305,0.000693305,0.000693305
61,15695.7,1.66897,2.68411,1.16117,1.12949,0.46569,0.32631,0.36248,0.19489,0.4541,0.29312,0.33503,0.15797,1.82915,2.81912,1.1615,1.08766,0.000676802,0.000676802,0.000676802
62,15885,1.67034,2.67238,1.1418,1.12416,0.46231,0.3307,0.35756,0.19513,0.43817,0.30803,0.33105,0.15917,1.79336,2.80676,1.16578,1.08347,0.000660299,0.000660299,0.000660299
63,16152.3,1.65102,2.68405,1.12061,1.12641,0.44392,0.35435,0.35931,0.19838,0.42414,0.33086,0.33747,0.16183,1.7866,2.82594,1.15217,1.08719,0.000643795,0.000643795,0.000643795
64,16311.7,1.66447,2.69282,1.14587,1.13113,0.44593,0.33374,0.35392,0.1951,0.43299,0.31542,0.33562,0.15855,1.79113,2.84071,1.17511,1.09306,0.000627292,0.000627292,0.000627292
65,16426.4,1.65164,2.69605,1.12621,1.12634,0.46618,0.33705,0.36603,0.20133,0.44158,0.31763,0.34348,0.16387,1.78517,2.77867,1.1505,1.07577,0.000610789,0.000610789,0.000610789
66,16688.8,1.67688,2.69914,1.12784,1.11417,0.45022,0.31929,0.35316,0.1987,0.43161,0.29721,0.32955,0.15792,1.77329,2.78767,1.15389,1.07088,0.000594286,0.000594286,0.000594286
67,16937.5,1.63721,2.65465,1.10936,1.12203,0.46376,0.33666,0.36589,0.20233,0.46161,0.3119,0.34674,0.16307,1.78599,2.77183,1.15409,1.07646,0.000577782,0.000577782,0.000577782
68,17150.9,1.63029,2.69723,1.10079,1.1253,0.46934,0.34116,0.36491,0.20073,0.45854,0.30893,0.34276,0.16086,1.80005,2.83847,1.13742,1.09076,0.000561279,0.000561279,0.000561279
69,17329.6,1.68714,2.70334,1.13735,1.12109,0.48397,0.32375,0.35926,0.19643,0.46225,0.30443,0.33763,0.16069,1.81514,2.79314,1.16156,1.08672,0.000544776,0.000544776,0.000544776
70,17591.1,1.65836,2.66127,1.11098,1.12277,0.46712,0.3274,0.3604,0.20224,0.45153,0.30923,0.34256,0.16465,1.79831,2.81399,1.16787,1.08898,0.000528272,0.000528272,0.000528272
71,17773.4,1.65028,2.66891,1.1041,1.11343,0.45428,0.34828,0.364,0.1959,0.44049,0.32388,0.34535,0.15981,1.82127,2.80228,1.17763,1.09245,0.000511769,0.000511769,0.000511769
72,17942,1.67668,2.68455,1.12927,1.12265,0.47005,0.3413,0.36822,0.20282,0.4654,0.31656,0.35109,0.16235,1.779,2.78805,1.13829,1.07711,0.000495266,0.000495266,0.000495266
73,18133.9,1.60196,2.63704,1.08255,1.11715,0.4783,0.33131,0.35991,0.19605,0.44828,0.3079,0.33311,0.15869,1.81933,2.83116,1.15034,1.08988,0.000478762,0.000478762,0.000478762
74,18385.4,1.65394,2.65477,1.10209,1.11137,0.46352,0.33937,0.36351,0.20124,0.44256,0.30956,0.33934,0.16114,1.79358,2.79207,1.14407,1.07867,0.000462259,0.000462259,0.000462259
75,18543.7,1.63647,2.6529,1.09688,1.10863,0.47789,0.34798,0.36983,0.20267,0.45265,0.32488,0.34982,0.16439,1.77743,2.76564,1.12678,1.0761,0.000445756,0.000445756,0.000445756
76,19023.7,1.65113,2.67994,1.09969,1.10735,0.46496,0.35841,0.37945,0.2099,0.43503,0.33051,0.34794,0.16603,1.76259,2.84757,1.13995,1.07263,0.000429253,0.000429253,0.000429253
77,19208.7,1.64509,2.65637,1.09761,1.109,0.48137,0.35756,0.37665,0.20592,0.45406,0.33606,0.35475,0.16653,1.79459,2.78233,1.13904,1.08612,0.000412749,0.000412749,0.000412749
78,19337.8,1.59597,2.62214,1.0705,1.10405,0.50044,0.34956,0.38117,0.21057,0.47684,0.33056,0.36468,0.17454,1.7579,2.76363,1.1291,1.06819,0.000396246,0.000396246,0.000396246
79,19513.5,1.65043,2.68793,1.085,1.10464,0.47174,0.34714,0.36973,0.20292,0.45563,0.32525,0.34863,0.16647,1.80245,2.76007,1.14716,1.08642,0.000379743,0.000379743,0.000379743
80,19741.2,1.63026,2.64764,1.08823,1.11112,0.46394,0.34093,0.36646,0.19991,0.43775,0.31379,0.34144,0.16108,1.80933,2.79429,1.14745,1.08738,0.000363239,0.000363239,0.000363239
81,20145.5,1.63104,2.63086,1.08377,1.10069,0.47025,0.37067,0.38125,0.2081,0.44738,0.34571,0.35859,0.17095,1.79173,2.77503,1.13162,1.08986,0.000346736,0.000346736,0.000346736
82,20286.6,1.61109,2.59632,1.07689,1.10569,0.48151,0.34921,0.37022,0.20628,0.46933,0.33828,0.35733,0.16848,1.77308,2.75607,1.12822,1.08048,0.000330233,0.000330233,0.000330233
83,20456.1,1.60212,2.60018,1.05461,1.10219,0.48761,0.34744,0.3745,0.20605,0.45554,0.31636,0.34841,0.16497,1.79115,2.77946,1.12896,1.07842,0.000313729,0.000313729,0.000313729
84,20663,1.61134,2.63705,1.06672,1.10207,0.48278,0.34244,0.37419,0.20207,0.45577,0.31845,0.35066,0.16472,1.81721,2.79701,1.14005,1.08792,0.000297226,0.000297226,0.000297226
85,20844.1,1.60567,2.61694,1.06396,1.10603,0.479,0.33917,0.36688,0.20025,0.45622,0.32254,0.34736,0.16396,1.81092,2.79049,1.16667,1.08861,0.000280723,0.000280723,0.000280723
86,21157.7,1.6529,2.6523,1.10418,1.11023,0.50484,0.33683,0.37442,0.20428,0.47371,0.31434,0.34871,0.1683,1.79324,2.76595,1.12863,1.08186,0.00026422,0.00026422,0.00026422
87,21365.3,1.62597,2.63761,1.07689,1.10343,0.47345,0.34545,0.36969,0.20087,0.44698,0.31413,0.34044,0.16182,1.80194,2.7956,1.13424,1.08065,0.000247716,0.000247716,0.000247716
88,21592.7,1.59537,2.5819,1.05889,1.10305,0.47776,0.34494,0.36857,0.20407,0.4507,0.31686,0.34495,0.16253,1.79364,2.79208,1.13244,1.07925,0.000231213,0.000231213,0.000231213
